{
  "timestamp": "20250912_120609",
  "experiment_type": "real_poker_tournament_pypokerengine",
  "summary": {
    "hands_played": 50,
    "hands_won": 19,
    "win_rate": 0.38,
    "total_winnings": 150,
    "bluffs_attempted": 2,
    "avg_decision_time": 8.462636898725461e-05,
    "avg_hand_strength": 0.4827647028735666,
    "avg_strategic_entropy": 1.0847411818879678
  },
  "raw_metrics": {
    "decision_times": [
      0.00012087821960449219,
      4.6253204345703125e-05,
      3.6716461181640625e-05,
      3.719329833984375e-05,
      4.1961669921875e-05,
      3.6716461181640625e-05,
      4.172325134277344e-05,
      3.409385681152344e-05,
      3.719329833984375e-05,
      0.00015401840209960938,
      0.00010037422180175781,
      0.00011110305786132812,
      0.00010728836059570312,
      8.7738037109375e-05,
      9.441375732421875e-05,
      9.369850158691406e-05,
      0.00010180473327636719,
      9.441375732421875e-05,
      0.000102996826171875,
      9.226799011230469e-05,
      9.1552734375e-05,
      8.702278137207031e-05,
      9.298324584960938e-05,
      8.702278137207031e-05,
      8.797645568847656e-05,
      9.632110595703125e-05,
      8.893013000488281e-05,
      8.487701416015625e-05,
      8.940696716308594e-05,
      8.749961853027344e-05,
      9.274482727050781e-05,
      8.7738037109375e-05,
      9.202957153320312e-05,
      8.487701416015625e-05,
      0.0001125335693359375,
      9.036064147949219e-05,
      8.7738037109375e-05,
      8.535385131835938e-05,
      0.00010061264038085938
    ],
    "hand_strengths": [
      0.26907689973033233,
      0.16493401246970107,
      0.17489974414063358,
      0.5326303869499927,
      0.2673629661565696,
      0.8277795336810455,
      0.7384314977909486,
      0.3134487698677728,
      0.21812504131587565,
      0.4671252457485189,
      0.525416187594096,
      0.3670010093162016,
      0.4916707060070634,
      0.5453397037617319,
      0.1307392885108193,
      0.8776605455632579,
      0.18815323734300435,
      0.5640373995045375,
      0.2704857425527819,
      0.12461562142562405,
      0.7789719168673085,
      0.7520356569288289,
      0.8670486480781107,
      0.6374853296087842,
      0.5244158697710145,
      0.31396383969883424,
      0.27433333771476287,
      0.5195718086975398,
      0.536183367043701,
      0.7189718532244264,
      0.6261580072485897,
      0.3774428879782904,
      0.4616093032141131,
      0.6020116152582565,
      0.658452408249542,
      0.5921970501147635,
      0.3855429539048879,
      0.8644577685059964,
      0.2780362505308398
    ],
    "pot_odds_history": [
      0.0,
      0.3333333333333333,
      0.0,
      0.0,
      0.0,
      0.3333333333333333,
      0.0,
      0.375,
      0.0,
      0.0,
      0.375,
      0.0,
      0.0,
      0.0,
      0.0,
      0.3333333333333333,
      0.0,
      0.0,
      0.0,
      0.0,
      0.0,
      0.0,
      0.375,
      0.0,
      0.0,
      0.3076923076923077,
      0.0,
      0.0,
      0.0,
      0.0,
      0.0,
      0.0,
      0.3333333333333333,
      0.0,
      0.0,
      0.0,
      0.375,
      0.0,
      0.0
    ],
    "strategic_entropies": [
      0.8841837193463803,
      0.8841837193463803,
      0.8841837193463803,
      1.37095059402186,
      0.8841837193463803,
      0.8841837193463804,
      1.1433201016949575,
      0.8841837193463803,
      0.8841837193463803,
      1.37095059402186,
      1.2954618438055134,
      1.156779649014231,
      1.37095059402186,
      1.37095059402186,
      0.8841837193463803,
      0.8841837193463804,
      0.8841837193463803,
      1.37095059402186,
      0.8841837193463803,
      0.8841837193463803,
      1.1433201016949575,
      1.1433201016949575,
      0.8841837193463804,
      1.1433201016949575,
      1.37095059402186,
      0.8841837193463803,
      0.8841837193463803,
      1.37095059402186,
      1.37095059402186,
      1.1433201016949575,
      1.1433201016949575,
      0.8841837193463803,
      1.2954618438055134,
      1.1433201016949575,
      1.1433201016949575,
      1.37095059402186,
      1.156779649014231,
      0.8841837193463804,
      0.8841837193463803
    ],
    "collapse_triggers": {
      "strategic_randomness": 1,
      "strong_hand": 3
    },
    "superposition_collapses": {
      "strategic_randomness": 1,
      "strong_hand": 3
    }
  }
}