{
  "timestamp": "20250911_131536",
  "experiment_type": "real_poker_with_treys",
  "session_stats": {
    "hands_played": 100,
    "hands_won": 0,
    "total_winnings": -500,
    "bluffs_attempted": 0,
    "bluffs_successful": 0
  },
  "metrics": {
    "hand_entropies": [],
    "decision_times": [
      7.867813110351562e-06,
      2.86102294921875e-06,
      3.0994415283203125e-06,
      3.0994415283203125e-06,
      3.0994415283203125e-06,
      2.1457672119140625e-06,
      1.9073486328125e-06,
      2.1457672119140625e-06,
      3.0994415283203125e-06,
      1.9073486328125e-06,
      2.1457672119140625e-06,
      3.0994415283203125e-06,
      3.0994415283203125e-06,
      2.1457672119140625e-06,
      2.1457672119140625e-06,
      2.1457672119140625e-06,
      2.86102294921875e-06,
      3.0994415283203125e-06,
      1.0967254638671875e-05,
      1.9073486328125e-06,
      1.9073486328125e-06,
      3.0994415283203125e-06,
      2.1457672119140625e-06,
      1.9073486328125e-06,
      2.1457672119140625e-06,
      2.1457672119140625e-06,
      1.9073486328125e-06,
      2.1457672119140625e-06,
      2.1457672119140625e-06,
      2.1457672119140625e-06,
      2.1457672119140625e-06,
      3.0994415283203125e-06,
      1.9073486328125e-06,
      2.1457672119140625e-06,
      1.9073486328125e-06,
      2.86102294921875e-06,
      1.6689300537109375e-06,
      1.9073486328125e-06,
      2.86102294921875e-06,
      1.6689300537109375e-06,
      1.9073486328125e-06,
      2.86102294921875e-06,
      1.9073486328125e-06,
      1.9073486328125e-06,
      2.1457672119140625e-06,
      2.1457672119140625e-06,
      1.9073486328125e-06,
      1.9073486328125e-06,
      2.1457672119140625e-06,
      2.1457672119140625e-06,
      2.1457672119140625e-06,
      3.0994415283203125e-06,
      3.0994415283203125e-06,
      1.6689300537109375e-06,
      2.1457672119140625e-06,
      2.1457672119140625e-06,
      3.0994415283203125e-06,
      2.1457672119140625e-06,
      1.9073486328125e-06,
      2.1457672119140625e-06,
      3.0994415283203125e-06,
      2.1457672119140625e-06,
      2.1457672119140625e-06,
      1.9073486328125e-06,
      2.1457672119140625e-06,
      2.1457672119140625e-06,
      1.6689300537109375e-06,
      2.1457672119140625e-06,
      2.1457672119140625e-06,
      1.9073486328125e-06,
      2.1457672119140625e-06,
      2.1457672119140625e-06,
      1.9073486328125e-06,
      1.9073486328125e-06,
      1.9073486328125e-06,
      2.6226043701171875e-06,
      2.86102294921875e-06,
      2.86102294921875e-06,
      2.1457672119140625e-06,
      3.0994415283203125e-06,
      2.1457672119140625e-06,
      2.1457672119140625e-06,
      2.1457672119140625e-06,
      2.1457672119140625e-06,
      2.86102294921875e-06,
      2.1457672119140625e-06,
      2.86102294921875e-06,
      2.1457672119140625e-06,
      2.86102294921875e-06,
      1.9073486328125e-06,
      2.1457672119140625e-06,
      2.1457672119140625e-06,
      2.86102294921875e-06,
      7.152557373046875e-06,
      2.86102294921875e-06,
      1.6689300537109375e-06,
      2.1457672119140625e-06,
      2.86102294921875e-06,
      2.86102294921875e-06,
      1.9073486328125e-06
    ],
    "pot_odds": [
      0.4,
      0.4,
      0.4,
      0.4,
      0.4,
      0.4,
      0.4,
      0.4,
      0.4,
      0.4,
      0.4,
      0.4,
      0.4,
      0.4,
      0.4,
      0.4,
      0.4,
      0.4,
      0.4,
      0.4,
      0.4,
      0.4,
      0.4,
      0.4,
      0.4,
      0.4,
      0.4,
      0.4,
      0.4,
      0.4,
      0.4,
      0.4,
      0.4,
      0.4,
      0.4,
      0.4,
      0.4,
      0.4,
      0.4,
      0.4,
      0.4,
      0.4,
      0.4,
      0.4,
      0.4,
      0.4,
      0.4,
      0.4,
      0.4,
      0.4,
      0.4,
      0.4,
      0.4,
      0.4,
      0.4,
      0.4,
      0.4,
      0.4,
      0.4,
      0.4,
      0.4,
      0.4,
      0.4,
      0.4,
      0.4,
      0.4,
      0.4,
      0.4,
      0.4,
      0.4,
      0.4,
      0.4,
      0.4,
      0.4,
      0.4,
      0.4,
      0.4,
      0.4,
      0.4,
      0.4,
      0.4,
      0.4,
      0.4,
      0.4,
      0.4,
      0.4,
      0.4,
      0.4,
      0.4,
      0.4,
      0.4,
      0.4,
      0.4,
      0.4,
      0.4,
      0.4,
      0.4,
      0.4,
      0.4,
      0.4
    ],
    "collapse_triggers": {
      "weak_hand": 82,
      "medium_hand": 18
    }
  }
}