{
  "timestamp": "20250912_120615",
  "experiment_type": "real_poker_tournament_pypokerengine",
  "summary": {
    "hands_played": 50,
    "hands_won": 18,
    "win_rate": 0.36,
    "total_winnings": 100,
    "bluffs_attempted": 4,
    "avg_decision_time": 8.541031887656764e-05,
    "avg_hand_strength": 0.37995021986924565,
    "avg_strategic_entropy": 1.0504571296873575
  },
  "raw_metrics": {
    "decision_times": [
      0.00012111663818359375,
      5.364418029785156e-05,
      4.076957702636719e-05,
      3.314018249511719e-05,
      6.532669067382812e-05,
      3.719329833984375e-05,
      3.886222839355469e-05,
      3.2901763916015625e-05,
      5.078315734863281e-05,
      0.00016546249389648438,
      0.00010657310485839844,
      8.869171142578125e-05,
      0.00010609626770019531,
      8.869171142578125e-05,
      0.00010228157043457031,
      9.036064147949219e-05,
      9.107589721679688e-05,
      9.417533874511719e-05,
      0.00010657310485839844,
      9.822845458984375e-05,
      9.202957153320312e-05,
      9.584426879882812e-05,
      8.559226989746094e-05,
      8.7738037109375e-05,
      9.012222290039062e-05,
      8.749961853027344e-05,
      9.465217590332031e-05,
      9.489059448242188e-05,
      9.560585021972656e-05,
      9.441375732421875e-05,
      8.58306884765625e-05,
      8.702278137207031e-05,
      8.606910705566406e-05,
      9.179115295410156e-05,
      8.535385131835938e-05,
      9.894371032714844e-05,
      8.678436279296875e-05,
      9.34600830078125e-05
    ],
    "hand_strengths": [
      0.5711660730727933,
      0.20240839011882397,
      0.15618623955614164,
      0.44463674511459017,
      0.12545257878508834,
      0.29272600720852415,
      0.38755502959790067,
      0.6837005744075297,
      0.8969983309608814,
      0.4357341151627483,
      0.7775540307661156,
      0.4591424459793211,
      0.17258567090477817,
      0.24453685235660344,
      0.1594034128936042,
      0.32404120940618447,
      0.23150187819853835,
      0.5725860629707741,
      0.8636726095136099,
      0.6907070546011311,
      0.15686310650293908,
      0.16225891501682224,
      0.5111208720410004,
      0.15898027020373828,
      0.5963158704878712,
      0.2389936203870142,
      0.8434743004200932,
      0.1485168914111398,
      0.190104301802546,
      0.146302829557951,
      0.7612449389487596,
      0.4384646138705408,
      0.3015194514873306,
      0.3132863218913311,
      0.14633410934914004,
      0.1738299684530209,
      0.20270275552735476,
      0.2554999060970616
    ],
    "pot_odds_history": [
      0.0,
      0.375,
      0.3333333333333333,
      0.0,
      0.375,
      0.0,
      0.0,
      0.375,
      0.0,
      0.0,
      0.0,
      0.0,
      0.3333333333333333,
      0.0,
      0.0,
      0.0,
      0.0,
      0.0,
      0.0,
      0.0,
      0.0,
      0.0,
      0.0,
      0.0,
      0.0,
      0.0,
      0.3076923076923077,
      0.0,
      0.0,
      0.0,
      0.0,
      0.0,
      0.0,
      0.0,
      0.0,
      0.0,
      0.0,
      0.375
    ],
    "strategic_entropies": [
      1.37095059402186,
      0.8841837193463803,
      0.8841837193463803,
      1.37095059402186,
      0.8841837193463803,
      0.8841837193463803,
      0.8841837193463803,
      1.4406454491825378,
      0.8841837193463804,
      1.37095059402186,
      1.1433201016949575,
      1.37095059402186,
      0.8841837193463803,
      0.8841837193463803,
      1.156779649014231,
      0.8841837193463803,
      1.156779649014231,
      1.37095059402186,
      0.8841837193463804,
      1.1433201016949575,
      0.8841837193463803,
      0.8841837193463803,
      1.37095059402186,
      0.8841837193463803,
      1.37095059402186,
      0.8841837193463803,
      0.8841837193463804,
      0.8841837193463803,
      0.8841837193463803,
      1.156779649014231,
      1.1433201016949575,
      1.37095059402186,
      0.8841837193463803,
      0.8841837193463803,
      0.8841837193463803,
      0.8841837193463803,
      1.156779649014231,
      0.8841837193463803
    ],
    "collapse_triggers": {
      "strong_hand": 2,
      "strategic_randomness": 1,
      "performance_adaptation": 3
    },
    "superposition_collapses": {
      "strong_hand": 2,
      "strategic_randomness": 1,
      "performance_adaptation": 3
    }
  }
}