{
  "sum_agent_results": [
    {
      "agent": "<core.agent.SUMAgent object at 0x7f40921f2dd0>",
      "training_time": 147.80039048194885,
      "final_metrics": {
        "reward_stats": {
          "mean": 9.3297,
          "std": 10.439262325950047,
          "median": 5.0,
          "min": -2.0,
          "max": 89.0,
          "q25": 5.0,
          "q75": 13.0
        },
        "uncertainty_stats": {
          "mean_entropy": 1.3851813077926636,
          "entropy_variance": 0.0003419459389988333,
          "entropy_trend": 0.02157813009263436
        },
        "strategic_diversity_stats": {
          "mean_diversity": 0.4594177954639184,
          "diversity_consistency": 0.742652271018946
        },
        "collapse_stats": {
          "collapse_frequency": 4.2829,
          "avg_collapse_pot_size": 16.09155011791076,
          "collapse_hand_strength_correlation": -0.01805830329242251
        },
        "deception_stats": {
          "bluff_success_rate": 0.3559322033898305,
          "bluff_attempts": 1357
        },
        "value_betting_stats": {
          "value_bet_accuracy": 0.1896661031276416,
          "value_bet_attempts": 9464
        },
        "superposition_stats": {
          "avg_superposition_duration": 116.04615384615384,
          "superposition_utilization_rate": 0.039
        }
      },
      "final_evaluation": {
        "win_rate": 0.797,
        "avg_reward": 10.089,
        "reward_std": 12.05259635929122,
        "uncertainty_entropy": "1.3867608",
        "collapse_frequency": 0.4649,
        "strategic_diversity": 0.21371803738922057,
        "total_games": 1000
      },
      "run_index": 0
    },
    {
      "agent": "<core.agent.SUMAgent object at 0x7f4066b53220>",
      "training_time": 148.5887746810913,
      "final_metrics": {
        "reward_stats": {
          "mean": 6.0388,
          "std": 7.337349287038201,
          "median": 3.0,
          "min": -2.0,
          "max": 71.0,
          "q25": 3.0,
          "q75": 7.0
        },
        "uncertainty_stats": {
          "mean_entropy": 1.3821063041687012,
          "entropy_variance": 0.0005616240669041872,
          "entropy_trend": 0.23705051399801924
        },
        "strategic_diversity_stats": {
          "mean_diversity": 0.040076728254641696,
          "diversity_consistency": 0.8705068726322003
        },
        "collapse_stats": {
          "collapse_frequency": 4.2533,
          "avg_collapse_pot_size": 11.495850280958315,
          "collapse_hand_strength_correlation": -0.015444034576793352
        },
        "deception_stats": {
          "bluff_success_rate": 0.3157894736842105,
          "bluff_attempts": 19
        },
        "value_betting_stats": {
          "value_bet_accuracy": 0.11920529801324503,
          "value_bet_attempts": 151
        },
        "superposition_stats": {
          "avg_superposition_duration": 244.5031017369727,
          "superposition_utilization_rate": 0.1612
        }
      },
      "final_evaluation": {
        "win_rate": 0.825,
        "avg_reward": 6.083,
        "reward_std": 7.325715732950604,
        "uncertainty_entropy": "1.3858545",
        "collapse_frequency": 0.443,
        "strategic_diversity": 0.018691756563639667,
        "total_games": 1000
      },
      "run_index": 1
    },
    {
      "agent": "<core.agent.SUMAgent object at 0x7f400ecdf310>",
      "training_time": 143.95124197006226,
      "final_metrics": {
        "reward_stats": {
          "mean": 5.7554,
          "std": 7.253149029214827,
          "median": 3.0,
          "min": -2.0,
          "max": 61.0,
          "q25": 3.0,
          "q75": 7.0
        },
        "uncertainty_stats": {
          "mean_entropy": 1.3852607011795044,
          "entropy_variance": 0.0002918100799433887,
          "entropy_trend": 0.07063710083948294
        },
        "strategic_diversity_stats": {
          "mean_diversity": 0.034885569018061176,
          "diversity_consistency": 0.8918304324718687
        },
        "collapse_stats": {
          "collapse_frequency": 4.2807,
          "avg_collapse_pot_size": 11.313032915177423,
          "collapse_hand_strength_correlation": -0.014037472662191925
        },
        "deception_stats": {
          "bluff_success_rate": 0.25,
          "bluff_attempts": 12
        },
        "value_betting_stats": {
          "value_bet_accuracy": 0.17647058823529413,
          "value_bet_attempts": 85
        },
        "superposition_stats": {
          "avg_superposition_duration": 196.76220806794055,
          "superposition_utilization_rate": 0.0471
        }
      },
      "final_evaluation": {
        "win_rate": 0.837,
        "avg_reward": 6.073,
        "reward_std": 7.282284737635573,
        "uncertainty_entropy": "1.3846709",
        "collapse_frequency": 0.4214,
        "strategic_diversity": 0.015626308671983825,
        "total_games": 1000
      },
      "run_index": 2
    },
    {
      "agent": "<core.agent.SUMAgent object at 0x7f400ecde7d0>",
      "training_time": 148.0103280544281,
      "final_metrics": {
        "reward_stats": {
          "mean": 11.4154,
          "std": 13.836012533963679,
          "median": 5.0,
          "min": -2.0,
          "max": 121.0,
          "q25": 5.0,
          "q75": 13.0
        },
        "uncertainty_stats": {
          "mean_entropy": 1.3854769468307495,
          "entropy_variance": 0.0002512681530788541,
          "entropy_trend": 0.07684934750676396
        },
        "strategic_diversity_stats": {
          "mean_diversity": 0.03364935889802518,
          "diversity_consistency": 0.8929789284652219
        },
        "collapse_stats": {
          "collapse_frequency": 4.3948,
          "avg_collapse_pot_size": 19.371757531628287,
          "collapse_hand_strength_correlation": -0.00036796331108542317
        },
        "deception_stats": {
          "bluff_success_rate": 0.32903225806451614,
          "bluff_attempts": 1550
        },
        "value_betting_stats": {
          "value_bet_accuracy": 0.15328335832083959,
          "value_bet_attempts": 16675
        },
        "superposition_stats": {
          "avg_superposition_duration": 0.0,
          "superposition_utilization_rate": 0.0003
        }
      },
      "final_evaluation": {
        "win_rate": 0.825,
        "avg_reward": 11.977,
        "reward_std": 14.610834028213446,
        "uncertainty_entropy": "1.385366",
        "collapse_frequency": 0.4758,
        "strategic_diversity": 0.020016445226322843,
        "total_games": 1000
      },
      "run_index": 3
    },
    {
      "agent": "<core.agent.SUMAgent object at 0x7f4009e23610>",
      "training_time": 146.3109347820282,
      "final_metrics": {
        "reward_stats": {
          "mean": 5.9159,
          "std": 7.195861810096132,
          "median": 3.0,
          "min": -2.0,
          "max": 61.0,
          "q25": 3.0,
          "q75": 7.0
        },
        "uncertainty_stats": {
          "mean_entropy": 1.3867863416671753,
          "entropy_variance": 0.0002251158148283139,
          "entropy_trend": 0.17687024008809923
        },
        "strategic_diversity_stats": {
          "mean_diversity": 0.03937490285923392,
          "diversity_consistency": 0.8818390285309492
        },
        "collapse_stats": {
          "collapse_frequency": 4.0031,
          "avg_collapse_pot_size": 11.467337813194774,
          "collapse_hand_strength_correlation": 0.011159691108011705
        },
        "deception_stats": {
          "bluff_success_rate": 0.25,
          "bluff_attempts": 12
        },
        "value_betting_stats": {
          "value_bet_accuracy": 0.21212121212121213,
          "value_bet_attempts": 99
        },
        "superposition_stats": {
          "avg_superposition_duration": 480.395589436428,
          "superposition_utilization_rate": 0.3673
        }
      },
      "final_evaluation": {
        "win_rate": 0.855,
        "avg_reward": 6.317,
        "reward_std": 7.114387605409196,