{
  "run_index": 3,
  "sum_results": {
    "agent": "<core.agent.SUMAgent object at 0x7f400ecde7d0>",
    "training_time": 148.0103280544281,
    "final_metrics": {
      "reward_stats": {
        "mean": 11.4154,
        "std": 13.836012533963679,
        "median": 5.0,
        "min": -2.0,
        "max": 121.0,
        "q25": 5.0,
        "q75": 13.0
      },
      "uncertainty_stats": {
        "mean_entropy": 1.3854769468307495,
        "entropy_variance": 0.0002512681530788541,
        "entropy_trend": 0.07684934750676396
      },
      "strategic_diversity_stats": {
        "mean_diversity": 0.03364935889802518,
        "diversity_consistency": 0.8929789284652219
      },
      "collapse_stats": {
        "collapse_frequency": 4.3948,
        "avg_collapse_pot_size": 19.371757531628287,
        "collapse_hand_strength_correlation": -0.00036796331108542317
      },
      "deception_stats": {
        "bluff_success_rate": 0.32903225806451614,
        "bluff_attempts": 1550
      },
      "value_betting_stats": {
        "value_bet_accuracy": 0.15328335832083959,
        "value_bet_attempts": 16675
      },
      "superposition_stats": {
        "avg_superposition_duration": 0.0,
        "superposition_utilization_rate": 0.0003
      }
    },
    "final_evaluation": {
      "win_rate": 0.825,
      "avg_reward": 11.977,
      "reward_std": 14.610834028213446,
      "uncertainty_entropy": "1.385366",
      "collapse_frequency": 0.4758,
      "strategic_diversity": 0.020016445226322843,
      "total_games": 1000
    },
    "run_index": 3
  },
  "baseline_results": {
    "random": {
      "win_rate": 0.735,
      "sum_avg_reward": 5.179,
      "baseline_avg_reward": -5.179,
      "reward_difference": 10.358,
      "t_statistic": 14.470938574067818,
      "p_value": 3.1468348490598937e-43,
      "effect_size": 0.9156804702413156,
      "significant": "True",
      "total_games": 1000
    },
    "tight_aggressive": {
      "win_rate": 0.662,
      "sum_avg_reward": 3.629,
      "baseline_avg_reward": -3.629,
      "reward_difference": 7.258,
      "t_statistic": 7.820127151201226,
      "p_value": 1.3359426486299143e-14,
      "effect_size": 0.49483574755759036,
      "significant": "True",
      "total_games": 1000
    },
    "loose_passive": {
      "win_rate": 0.499,
      "sum_avg_reward": 1.919,
      "baseline_avg_reward": -1.919,
      "reward_difference": 3.838,
      "t_statistic": 3.715469010764557,
      "p_value": 0.0002140726478816806,
      "effect_size": 0.2351044746358538,
      "significant": "True",
      "total_games": 1000
    },
    "classical_mixed_strategy": {
      "win_rate": 0.748,
      "sum_avg_reward": 5.534,
      "baseline_avg_reward": -5.534,
      "reward_difference": 11.068,
      "t_statistic": 14.30836957812309,
      "p_value": 2.2050357905395785e-42,
      "effect_size": 0.9053935594171562,
      "significant": "True",
      "total_games": 1000
    }
  }
}