{
  "run_index": 4,
  "sum_results": {
    "agent": "<core.agent.SUMAgent object at 0x7f4009e23610>",
    "training_time": 146.3109347820282,
    "final_metrics": {
      "reward_stats": {
        "mean": 5.9159,
        "std": 7.195861810096132,
        "median": 3.0,
        "min": -2.0,
        "max": 61.0,
        "q25": 3.0,
        "q75": 7.0
      },
      "uncertainty_stats": {
        "mean_entropy": 1.3867863416671753,
        "entropy_variance": 0.0002251158148283139,
        "entropy_trend": 0.17687024008809923
      },
      "strategic_diversity_stats": {
        "mean_diversity": 0.03937490285923392,
        "diversity_consistency": 0.8818390285309492
      },
      "collapse_stats": {
        "collapse_frequency": 4.0031,
        "avg_collapse_pot_size": 11.467337813194774,
        "collapse_hand_strength_correlation": 0.011159691108011705
      },
      "deception_stats": {
        "bluff_success_rate": 0.25,
        "bluff_attempts": 12
      },
      "value_betting_stats": {
        "value_bet_accuracy": 0.21212121212121213,
        "value_bet_attempts": 99
      },
      "superposition_stats": {
        "avg_superposition_duration": 480.395589436428,
        "superposition_utilization_rate": 0.3673
      }
    },
    "final_evaluation": {
      "win_rate": 0.855,
      "avg_reward": 6.317,
      "reward_std": 7.114387605409196,
      "uncertainty_entropy": "1.387771",
      "collapse_frequency": 0.419,
      "strategic_diversity": 0.013996151531938701,
      "total_games": 1000
    },
    "run_index": 4
  },
  "baseline_results": {
    "random": {
      "win_rate": 0.736,
      "sum_avg_reward": 2.401,
      "baseline_avg_reward": -2.401,
      "reward_difference": 4.802,
      "t_statistic": 12.776426211844374,
      "p_value": 9.86094209166319e-35,
      "effect_size": 0.8084564730742599,
      "significant": "True",
      "total_games": 1000
    },
    "tight_aggressive": {
      "win_rate": 0.714,
      "sum_avg_reward": 1.781,
      "baseline_avg_reward": -1.781,
      "reward_difference": 3.562,
      "t_statistic": 6.677103531891104,
      "p_value": 4.0371284932644263e-11,
      "effect_size": 0.4225084137174462,
      "significant": "True",
      "total_games": 1000
    },
    "loose_passive": {
      "win_rate": 0.492,
      "sum_avg_reward": -0.745,
      "baseline_avg_reward": 0.745,
      "reward_difference": -1.49,
      "t_statistic": -2.0591043424848574,
      "p_value": 0.03974300726833724,
      "effect_size": -0.13029435671721298,
      "significant": "True",
      "total_games": 1000
    },
    "classical_mixed_strategy": {
      "win_rate": 0.706,
      "sum_avg_reward": 2.425,
      "baseline_avg_reward": -2.425,
      "reward_difference": 4.85,
      "t_statistic": 10.813113532369394,
      "p_value": 7.548584776014393e-26,
      "effect_size": 0.6842235445485306,
      "significant": "True",
      "total_games": 1000
    }
  }
}