{
  "run_index": 2,
  "sum_results": {
    "agent": "<core.agent.SUMAgent object at 0x7f400ecdf310>",
    "training_time": 143.95124197006226,
    "final_metrics": {
      "reward_stats": {
        "mean": 5.7554,
        "std": 7.253149029214827,
        "median": 3.0,
        "min": -2.0,
        "max": 61.0,
        "q25": 3.0,
        "q75": 7.0
      },
      "uncertainty_stats": {
        "mean_entropy": 1.3852607011795044,
        "entropy_variance": 0.0002918100799433887,
        "entropy_trend": 0.07063710083948294
      },
      "strategic_diversity_stats": {
        "mean_diversity": 0.034885569018061176,
        "diversity_consistency": 0.8918304324718687
      },
      "collapse_stats": {
        "collapse_frequency": 4.2807,
        "avg_collapse_pot_size": 11.313032915177423,
        "collapse_hand_strength_correlation": -0.014037472662191925
      },
      "deception_stats": {
        "bluff_success_rate": 0.25,
        "bluff_attempts": 12
      },
      "value_betting_stats": {
        "value_bet_accuracy": 0.17647058823529413,
        "value_bet_attempts": 85
      },
      "superposition_stats": {
        "avg_superposition_duration": 196.76220806794055,
        "superposition_utilization_rate": 0.0471
      }
    },
    "final_evaluation": {
      "win_rate": 0.837,
      "avg_reward": 6.073,
      "reward_std": 7.282284737635573,
      "uncertainty_entropy": "1.3846709",
      "collapse_frequency": 0.4214,
      "strategic_diversity": 0.015626308671983825,
      "total_games": 1000
    },
    "run_index": 2
  },
  "baseline_results": {
    "random": {
      "win_rate": 0.742,
      "sum_avg_reward": 2.628,
      "baseline_avg_reward": -2.628,
      "reward_difference": 5.256,
      "t_statistic": 12.391734096364042,
      "p_value": 6.60568503531629e-33,
      "effect_size": 0.7841142332535199,
      "significant": "True",
      "total_games": 1000
    },
    "tight_aggressive": {
      "win_rate": 0.661,
      "sum_avg_reward": 1.396,
      "baseline_avg_reward": -1.396,
      "reward_difference": 2.792,
      "t_statistic": 4.888273394726487,
      "p_value": 1.1845665497854364e-06,
      "effect_size": 0.3093162518685905,
      "significant": "True",
      "total_games": 1000
    },
    "loose_passive": {
      "win_rate": 0.502,
      "sum_avg_reward": -0.6,
      "baseline_avg_reward": 0.6,
      "reward_difference": -1.2,
      "t_statistic": -1.7206774958435398,
      "p_value": 0.0856190104538506,
      "effect_size": -0.10887965355275223,
      "significant": "False",
      "total_games": 1000
    },
    "classical_mixed_strategy": {
      "win_rate": 0.74,
      "sum_avg_reward": 2.688,
      "baseline_avg_reward": -2.688,
      "reward_difference": 5.376,
      "t_statistic": 11.83368993382757,
      "p_value": 2.4924057137646267e-30,
      "effect_size": 0.7488027613298865,
      "significant": "True",
      "total_games": 1000
    }
  }
}