{
  "timestamp": "20250912_120633",
  "experiment_type": "real_poker_tournament_pypokerengine",
  "summary": {
    "hands_played": 100,
    "hands_won": 43,
    "win_rate": 0.43,
    "total_winnings": 420,
    "bluffs_attempted": 4,
    "avg_decision_time": 8.946418762207031e-05,
    "avg_hand_strength": 0.5520604708372256,
    "avg_strategic_entropy": 1.1639151162241541
  },
  "raw_metrics": {
    "decision_times": [
      0.00012612342834472656,
      3.886222839355469e-05,
      3.123283386230469e-05,
      3.218650817871094e-05,
      3.2901763916015625e-05,
      3.6716461181640625e-05,
      3.743171691894531e-05,
      4.100799560546875e-05,
      3.6716461181640625e-05,
      0.00016069412231445312,
      0.0001087188720703125,
      0.00012683868408203125,
      0.00010204315185546875,
      8.749961853027344e-05,
      9.584426879882812e-05,
      9.417533874511719e-05,
      8.606910705566406e-05,
      9.441375732421875e-05,
      8.535385131835938e-05,
      8.869171142578125e-05,
      9.131431579589844e-05,
      9.918212890625e-05,
      0.0001049041748046875,
      9.870529174804688e-05,
      8.749961853027344e-05,
      9.822845458984375e-05,
      8.702278137207031e-05,
      9.274482727050781e-05,
      9.202957153320312e-05,
      0.00010061264038085938,
      9.202957153320312e-05,
      0.0001068115234375,
      9.274482727050781e-05,
      9.751319885253906e-05,
      0.00010466575622558594,
      9.107589721679688e-05,
      9.489059448242188e-05,
      8.940696716308594e-05,
      9.322166442871094e-05,
      8.296966552734375e-05,
      0.00011229515075683594,
      9.202957153320312e-05,
      0.00010061264038085938,
      8.440017700195312e-05,
      9.298324584960938e-05,
      9.036064147949219e-05,
      9.512901306152344e-05,
      8.630752563476562e-05,
      0.00010967254638671875,
      9.799003601074219e-05,
      8.654594421386719e-05,
      8.440017700195312e-05,
      9.083747863769531e-05,
      8.606910705566406e-05,
      0.00010275840759277344,
      0.0001049041748046875,
      9.679794311523438e-05,
      8.559226989746094e-05,
      9.298324584960938e-05,
      8.702278137207031e-05,
      8.845329284667969e-05,
      0.00010037422180175781,
      8.940696716308594e-05,
      0.00011348724365234375,
      9.250640869140625e-05,
      8.845329284667969e-05,
      9.298324584960938e-05,
      8.368492126464844e-05,
      8.678436279296875e-05,
      9.703636169433594e-05,
      8.58306884765625e-05,
      9.369850158691406e-05,
      9.369850158691406e-05,
      8.940696716308594e-05,
      9.322166442871094e-05
    ],
    "hand_strengths": [
      0.7890180299023318,
      0.6825275127296898,
      0.5943755821308284,
      0.5171672285509189,
      0.642743633828021,
      0.6779849300480791,
      0.26663506899343725,
      0.39345275574711447,
      0.3415044769552348,
      0.14383263495454762,
      0.33197579908551705,
      0.6702885949258133,
      0.8588749321010222,
      0.718671468106363,
      0.6931973788264513,
      0.1048857587803406,
      0.5522552943741924,
      0.7865533601939002,
      0.5936129324093402,
      0.3926931671786563,
      0.4876883393324114,
      0.2141274760736355,
      0.770568727626769,
      0.2933264997090279,
      0.13872577645529935,
      0.37115468116839967,
      0.28362745711634274,
      0.4582956270938937,
      0.6277249056662473,
      0.3250464035987231,
      0.6848845844394968,
      0.7437706898083356,
      0.5584197937554355,
      0.40611690928645894,
      0.2718046493371407,
      0.8028157026853079,
      0.6787400009806004,
      0.5815594467967002,
      0.4672147690484568,
      0.5910908656448717,
      0.848979064563332,
      0.24634650451048704,
      0.2492431602720223,
      0.6380146383201758,
      0.730590354538142,
      0.6638179748389403,
      0.5056723478974328,
      0.4923061462701871,
      0.6193912282279834,
      0.5532294005037434,
      0.6722508795025065,
      0.589688106412075,
      0.5340945745992202,
      0.43800826070363696,
      0.6473293847947176,
      0.4637997009813586,
      0.7989015888621184,
      0.6737984633209986,
      0.5790549871062601,
      0.7082400839246678,
      0.45679428754538143,
      0.2016509276389111,
      0.6146123952600938,
      0.7673566152660153,
      0.7291059454757514,
      0.6741132148373798,
      0.35621051328270603,
      0.42361667544117276,
      0.6464348707398881,
      0.6014524536599273,
      0.8937379866928677,
      0.7665073964945658,
      0.5124421457069149,
      0.7825190789693867,
      0.8162701101855969
    ],
    "pot_odds_history": [
      0.0,
      0.0,
      0.0,
      0.0,
      0.0,
      0.0,
      0.0,
      0.0,
      0.0,
      0.0,
      0.0,
      0.375,
      0.3333333333333333,
      0.0,
      0.3333333333333333,
      0.0,
      0.0,
      0.0,
      0.3333333333333333,
      0.0,
      0.0,
      0.3333333333333333,
      0.0,
      0.0,
      0.0,
      0.0,
      0.0,
      0.3333333333333333,
      0.0,
      0.0,
      0.0,
      0.0,
      0.0,
      0.3333333333333333,
      0.3333333333333333,
      0.0,
      0.0,
      0.0,
      0.0,
      0.0,
      0.0,
      0.0,
      0.3333333333333333,
      0.3333333333333333,
      0.0,
      0.0,
      0.0,
      0.0,
      0.0,
      0.3333333333333333,
      0.0,
      0.0,
      0.0,
      0.0,
      0.0,
      0.0,
      0.0,
      0.0,
      0.0,
      0.0,
      0.375,
      0.3333333333333333,
      0.0,
      0.3333333333333333,
      0.0,
      0.375,
      0.3333333333333333,
      0.0,
      0.0,
      0.0,
      0.3333333333333333,
      0.3333333333333333,
      0.0,
      0.0,
      0.0
    ],
    "strategic_entropies": [
      1.1433201016949575,
      1.1433201016949575,
      1.37095059402186,
      1.37095059402186,
      1.1433201016949575,
      1.1433201016949575,
      0.8841837193463803,
      1.156779649014231,
      0.8841837193463803,
      0.8841837193463803,
      0.8841837193463803,
      1.4406454491825378,
      0.8841837193463804,
      1.1433201016949575,
      1.4406454491825378,
      0.8841837193463803,
      1.37095059402186,
      1.1433201016949575,
      1.2954618438055134,
      1.156779649014231,
      1.37095059402186,
      0.8841837193463803,
      1.1433201016949575,
      0.8841837193463803,
      0.8841837193463803,
      0.8841837193463803,
      1.156779649014231,
      1.2954618438055134,
      1.1433201016949575,
      0.8841837193463803,
      1.1433201016949575,
      1.1433201016949575,
      1.37095059402186,
      1.2954618438055134,
      0.8841837193463803,
      0.8841837193463804,
      1.1433201016949575,
      1.37095059402186,
      1.37095059402186,
      1.37095059402186,
      0.8841837193463804,
      0.8841837193463803,
      1.156779649014231,
      1.4406454491825378,
      1.1433201016949575,
      1.1433201016949575,
      1.37095059402186,
      1.37095059402186,
      1.1433201016949575,
      1.2954618438055134,
      1.1433201016949575,
      1.37095059402186,
      1.37095059402186,
      1.37095059402186,
      1.1433201016949575,
      1.37095059402186,
      1.1433201016949575,
      1.1433201016949575,
      1.37095059402186,
      1.1433201016949575,
      1.2954618438055134,
      0.8841837193463803,
      1.1433201016949575,
      1.4406454491825378,
      1.1433201016949575,
      1.4406454491825378,
      0.8841837193463803,
      1.37095059402186,
      1.1433201016949575,
      1.1433201016949575,
      0.8841837193463804,
      1.4406454491825378,
      1.37095059402186,
      1.1433201016949575,
      0.8841837193463804
    ],
    "collapse_triggers": {
      "strong_hand": 2,
      "strategic_randomness": 3
    },
    "superposition_collapses": {
      "strong_hand": 2,
      "strategic_randomness": 3
    }
  }
}