{
  "timestamp": "20250912_120654",
  "experiment_type": "real_poker_tournament_pypokerengine",
  "summary": {
    "hands_played": 100,
    "hands_won": 45,
    "win_rate": 0.45,
    "total_winnings": 590,
    "bluffs_attempted": 4,
    "avg_decision_time": 8.915677482699171e-05,
    "avg_hand_strength": 0.5136056088923292,
    "avg_strategic_entropy": 1.1102701661628112
  },
  "raw_metrics": {
    "decision_times": [
      0.00013589859008789062,
      4.744529724121094e-05,
      3.9577484130859375e-05,
      3.933906555175781e-05,
      3.933906555175781e-05,
      3.719329833984375e-05,
      3.147125244140625e-05,
      3.147125244140625e-05,
      3.933906555175781e-05,
      0.0001628398895263672,
      0.00011897087097167969,
      0.00010395050048828125,
      8.821487426757812e-05,
      8.893013000488281e-05,
      8.749961853027344e-05,
      8.916854858398438e-05,
      9.989738464355469e-05,
      8.463859558105469e-05,
      8.58306884765625e-05,
      0.000102996826171875,
      8.511543273925781e-05,
      9.775161743164062e-05,
      8.797645568847656e-05,
      9.679794311523438e-05,
      9.1552734375e-05,
      9.322166442871094e-05,
      9.846687316894531e-05,
      9.417533874511719e-05,
      9.655952453613281e-05,
      9.489059448242188e-05,
      9.989738464355469e-05,
      9.1552734375e-05,
      0.00010657310485839844,
      9.560585021972656e-05,
      0.00010275840759277344,
      9.34600830078125e-05,
      9.179115295410156e-05,
      9.083747863769531e-05,
      9.632110595703125e-05,
      9.083747863769531e-05,
      9.274482727050781e-05,
      9.5367431640625e-05,
      9.465217590332031e-05,
      8.749961853027344e-05,
      0.00010585784912109375,
      8.392333984375e-05,
      8.487701416015625e-05,
      9.226799011230469e-05,
      9.012222290039062e-05,
      9.083747863769531e-05,
      8.487701416015625e-05,
      8.440017700195312e-05,
      0.00010275840759277344,
      8.487701416015625e-05,
      8.940696716308594e-05,
      0.00010156631469726562,
      8.58306884765625e-05,
      8.869171142578125e-05,
      0.00010752677917480469,
      8.988380432128906e-05,
      9.34600830078125e-05,
      8.559226989746094e-05,
      0.00010561943054199219,
      8.511543273925781e-05,
      8.845329284667969e-05,
      8.7738037109375e-05,
      8.726119995117188e-05,
      8.749961853027344e-05,
      8.749961853027344e-05,
      8.678436279296875e-05,
      0.00011348724365234375,
      8.749961853027344e-05,
      9.489059448242188e-05,
      8.845329284667969e-05,
      9.131431579589844e-05,
      8.845329284667969e-05,
      8.96453857421875e-05,
      0.00010800361633300781,
      9.107589721679688e-05,
      9.417533874511719e-05,
      9.1552734375e-05
    ],
    "hand_strengths": [
      0.457166200081088,
      0.1334666731470894,
      0.3182368658905242,
      0.8569058815072137,
      0.1303511495364214,
      0.712458345133575,
      0.564572399653831,
      0.45456831332701686,
      0.13960913004503006,
      0.32014367404574795,
      0.73215704627527,
      0.12897698755966616,
      0.39719416326228585,
      0.55382066134878,
      0.8907759120963109,
      0.43106455890720985,
      0.19258070486322093,
      0.8996998149183199,
      0.8359003885383153,
      0.767767227971762,
      0.6548355887492939,
      0.27892399277269864,
      0.18660289982672876,
      0.5610124525135896,
      0.8324147149517407,
      0.7533630821834415,
      0.16421305962563792,
      0.3350500694976529,
      0.5608454226702929,
      0.8832091608355935,
      0.7748369798433805,
      0.6413062685719952,
      0.26624723749458235,
      0.5609251784861783,
      0.28324721026530186,
      0.17800742537372916,
      0.1392550338389497,
      0.4912335053947475,
      0.6843082093564337,
      0.3437685566839578,
      0.6357409382513308,
      0.36469130908229275,
      0.3289687705754307,
      0.7633012556667621,
      0.2805309869786462,
      0.4549921855103086,
      0.48044919399064134,
      0.5235649654535285,
      0.13937563628390226,
      0.48078858668330526,
      0.4431401918333977,
      0.8510176436143703,
      0.7867390225975223,
      0.4253072486715216,
      0.4029910287298317,
      0.6400752090959345,
      0.5731691900664603,
      0.4540215998681649,
      0.7790082414632405,
      0.6340426754854523,
      0.3527380285661209,
      0.8857316169623349,
      0.5901188304671585,
      0.45071690927257546,
      0.799686010927585,
      0.10437248311794987,
      0.8618101480323002,
      0.38993753205411896,
      0.6494456738012291,
      0.7080697039444233,
      0.4672207644378107,
      0.7967541282570507,
      0.7606461326652333,
      0.2436236984820017,
      0.4262738317519904,
      0.2448035752137014,
      0.8230465499196961,
      0.787980256819363,
      0.34161652861337305,
      0.8511052305441877,
      0.13341865948180667
    ],
    "pot_odds_history": [
      0.0,
      0.0,
      0.0,
      0.0,
      0.0,
      0.375,
      0.0,
      0.0,
      0.375,
      0.0,
      0.0,
      0.375,
      0.0,
      0.0,
      0.0,
      0.0,
      0.375,
      0.3333333333333333,
      0.0,
      0.0,
      0.0,
      0.3333333333333333,
      0.0,
      0.0,
      0.0,
      0.375,
      0.3333333333333333,
      0.0,
      0.3333333333333333,
      0.0,
      0.375,
      0.0,
      0.0,
      0.3333333333333333,
      0.0,
      0.0,
      0.3333333333333333,
      0.0,
      0.0,
      0.0,
      0.3076923076923077,
      0.3333333333333333,
      0.0,
      0.375,
      0.3333333333333333,
      0.0,
      0.375,
      0.0,
      0.0,
      0.0,
      0.0,
      0.3333333333333333,
      0.0,
      0.0,
      0.3333333333333333,
      0.0,
      0.0,
      0.0,
      0.3333333333333333,
      0.0,
      0.0,
      0.0,
      0.0,
      0.375,
      0.0,
      0.0,
      0.0,
      0.0,
      0.0,
      0.0,
      0.3333333333333333,
      0.0,
      0.0,
      0.0,
      0.0,
      0.0,
      0.3076923076923077,
      0.0,
      0.0,
      0.0,
      0.0
    ],